test_id,exam_version,objectives_version,domain_id,domain_name,domain_weight_percent,objective_id,objective_text,scope_summary
NET-009,N10-009,6.0,1.0,Networking Concepts,23,1.1,Explain concepts related to the Open Systems Interconnection (OSI) reference model.,OSI layers 1 through 7 and the networking functions associated with each layer.
NET-009,N10-009,6.0,1.0,Networking Concepts,23,1.2,"Compare and contrast networking appliances, applications, and functions.","Physical and virtual routers, switches, firewalls, IDS/IPS, load balancers, proxies, NAS, SAN, wireless APs and controllers, CDNs, VPNs, QoS, and TTL."
NET-009,N10-009,6.0,1.0,Networking Concepts,23,1.3,Summarize cloud concepts and connectivity options.,"NFV, VPCs, security groups and lists, cloud gateways, VPN and direct connectivity, deployment and service models, scalability, elasticity, and multitenancy."
NET-009,N10-009,6.0,1.0,Networking Concepts,23,1.4,"Explain common networking ports, protocols, services, and traffic types.","Common ports and services, IP protocol types including TCP, UDP, ICMP, GRE, and IPsec, plus unicast, multicast, anycast, and broadcast traffic."
NET-009,N10-009,6.0,1.0,Networking Concepts,23,1.5,Compare and contrast transmission media and transceivers.,"Wireless and wired media, fiber types, copper and coaxial cabling, cable speeds and ratings, transceiver protocols and form factors, and connector types."
NET-009,N10-009,6.0,1.0,Networking Concepts,23,1.6,"Compare and contrast network topologies, architectures, and types.","Mesh, hybrid, star or hub-and-spoke, spine-and-leaf, point-to-point, three-tier, collapsed-core designs, and north-south versus east-west traffic."
NET-009,N10-009,6.0,1.0,Networking Concepts,23,1.7,"Given a scenario, use appropriate IPv4 network addressing.","Public and private addressing, APIPA, RFC1918, loopback, subnetting, VLSM, CIDR, and IPv4 address classes."
NET-009,N10-009,6.0,1.0,Networking Concepts,23,1.8,Summarize evolving use cases for modern network environments.,"SDN, SD-WAN, VXLAN, data-center interconnects, Zero Trust, SASE and SSE, infrastructure as code, source control, and IPv6 transition methods."
NET-009,N10-009,6.0,2.0,Network Implementation,20,2.1,Explain characteristics of routing technologies.,"Static and dynamic routing, BGP, EIGRP, OSPF, route selection, NAT, PAT, FHRP, virtual IPs, and subinterfaces."
NET-009,N10-009,6.0,2.0,Network Implementation,20,2.2,"Given a scenario, configure switching technologies and features.","VLAN databases and SVIs, native and voice VLANs, 802.1Q tagging, link aggregation, speed and duplex, spanning tree, MTU, and jumbo frames."
NET-009,N10-009,6.0,2.0,Network Implementation,20,2.3,"Given a scenario, select and configure wireless devices and technologies.","Channels and widths, frequency bands, band steering, SSID identifiers, wireless network types, WPA2 and WPA3, guest access, authentication, antennas, and AP modes."
NET-009,N10-009,6.0,2.0,Network Implementation,20,2.4,Explain important factors of physical installations.,"IDF and MDF placement, racks, airflow, patching and fiber panels, physical locks, UPS and PDU considerations, power load, voltage, humidity, fire suppression, and temperature."
NET-009,N10-009,6.0,3.0,Network Operations,19,3.1,Explain the purpose of organizational processes and procedures.,"Physical and logical documentation, inventories, IPAM, SLAs, wireless surveys, lifecycle management, change management, and configuration baselines."
NET-009,N10-009,6.0,3.0,Network Operations,19,3.2,"Given a scenario, use network monitoring technologies.","SNMP, flow data, packet capture, baselines, anomaly alerts, log aggregation, SIEM, API integration, port mirroring, discovery, traffic analysis, and availability and configuration monitoring."
NET-009,N10-009,6.0,3.0,Network Operations,19,3.3,Explain disaster recovery (DR) concepts.,"RPO, RTO, MTTR, MTBF, cold, warm, and hot sites, active-active and active-passive availability, tabletop exercises, and validation testing."
NET-009,N10-009,6.0,3.0,Network Operations,19,3.4,"Given a scenario, implement IPv4 and IPv6 network services.","DHCP configuration and relay, SLAAC, DNS security and record types, zones and resolver roles, hosts files, NTP, PTP, and NTS."
NET-009,N10-009,6.0,3.0,Network Operations,19,3.5,Compare and contrast network access and management methods.,"Site-to-site and client-to-site VPNs, clientless access, split and full tunneling, SSH, GUI, API, console, jump hosts, and in-band versus out-of-band management."
NET-009,N10-009,6.0,4.0,Network Security,14,4.1,Explain the importance of basic network security concepts.,"Encryption, certificates and PKI, IAM, MFA, SSO, RADIUS, LDAP, SAML, TACACS+, authorization, least privilege, physical security, deception, risk terminology, compliance, and segmentation."
NET-009,N10-009,6.0,4.0,Network Security,14,4.2,Summarize various types of attacks and their impact to the network.,"DoS and DDoS, VLAN hopping, MAC flooding, ARP and DNS poisoning or spoofing, rogue DHCP and APs, evil twins, on-path attacks, social engineering, and malware."
NET-009,N10-009,6.0,4.0,Network Security,14,4.3,"Given a scenario, apply network security features, defense techniques, and solutions.","Device hardening, NAC, port security, 802.1X, MAC filtering, key management, ACLs, URL and content filtering, trusted and untrusted zones, and screened subnets."
NET-009,N10-009,6.0,5.0,Network Troubleshooting,24,5.1,Explain the troubleshooting methodology.,"Problem identification, theory development, theory testing, action planning, implementation or escalation, verification, preventive measures, and documentation."
NET-009,N10-009,6.0,5.0,Network Troubleshooting,24,5.2,"Given a scenario, troubleshoot common cabling and physical interface issues.","Incorrect media, signal degradation, termination and transmit-receive issues, interface counters and status, PoE faults, transceiver mismatch, and optical signal strength."
NET-009,N10-009,6.0,5.0,Network Troubleshooting,24,5.3,"Given a scenario, troubleshoot common issues with network services.","Spanning-tree loops and roles, VLAN assignment, ACLs, route selection, default routes, address pools, gateways, duplicate addresses, and subnet masks."
NET-009,N10-009,6.0,5.0,Network Troubleshooting,24,5.4,"Given a scenario, troubleshoot common performance issues.","Congestion, bottlenecks, bandwidth, throughput, latency, loss, jitter, wireless interference, channel overlap, signal degradation, coverage, disassociation, and roaming."
NET-009,N10-009,6.0,5.0,Network Troubleshooting,24,5.5,"Given a scenario, use the appropriate tool or protocol to solve networking issues.","Protocol analyzers, ping, traceroute, DNS tools, packet capture, interface and socket tools, Nmap, LLDP and CDP, speed testing, cable and optical tools, Wi-Fi analyzers, taps, and device show commands."
